--
-- PostgreSQL database dump
--

-- Dumped from database version 17.2
-- Dumped by pg_dump version 17.2

SET statement_timeout = 0;
SET lock_timeout = 0;
SET idle_in_transaction_session_timeout = 0;
SET transaction_timeout = 0;
SET client_encoding = 'UTF8';
SET standard_conforming_strings = on;
SELECT pg_catalog.set_config('search_path', '', false);
SET check_function_bodies = false;
SET xmloption = content;
SET client_min_messages = warning;
SET row_security = off;

SET default_tablespace = '';

SET default_table_access_method = heap;

--
-- Name: auth_group; Type: TABLE; Schema: public; Owner: postgres
--

CREATE TABLE public.auth_group (
    id integer NOT NULL,
    name character varying(150) NOT NULL
);


ALTER TABLE public.auth_group OWNER TO postgres;

--
-- Name: auth_group_id_seq; Type: SEQUENCE; Schema: public; Owner: postgres
--

ALTER TABLE public.auth_group ALTER COLUMN id ADD GENERATED BY DEFAULT AS IDENTITY (
    SEQUENCE NAME public.auth_group_id_seq
    START WITH 1
    INCREMENT BY 1
    NO MINVALUE
    NO MAXVALUE
    CACHE 1
);


--
-- Name: auth_group_permissions; Type: TABLE; Schema: public; Owner: postgres
--

CREATE TABLE public.auth_group_permissions (
    id bigint NOT NULL,
    group_id integer NOT NULL,
    permission_id integer NOT NULL
);


ALTER TABLE public.auth_group_permissions OWNER TO postgres;

--
-- Name: auth_group_permissions_id_seq; Type: SEQUENCE; Schema: public; Owner: postgres
--

ALTER TABLE public.auth_group_permissions ALTER COLUMN id ADD GENERATED BY DEFAULT AS IDENTITY (
    SEQUENCE NAME public.auth_group_permissions_id_seq
    START WITH 1
    INCREMENT BY 1
    NO MINVALUE
    NO MAXVALUE
    CACHE 1
);


--
-- Name: auth_permission; Type: TABLE; Schema: public; Owner: postgres
--

CREATE TABLE public.auth_permission (
    id integer NOT NULL,
    name character varying(255) NOT NULL,
    content_type_id integer NOT NULL,
    codename character varying(100) NOT NULL
);


ALTER TABLE public.auth_permission OWNER TO postgres;

--
-- Name: auth_permission_id_seq; Type: SEQUENCE; Schema: public; Owner: postgres
--

ALTER TABLE public.auth_permission ALTER COLUMN id ADD GENERATED BY DEFAULT AS IDENTITY (
    SEQUENCE NAME public.auth_permission_id_seq
    START WITH 1
    INCREMENT BY 1
    NO MINVALUE
    NO MAXVALUE
    CACHE 1
);


--
-- Name: auth_user; Type: TABLE; Schema: public; Owner: postgres
--

CREATE TABLE public.auth_user (
    id integer NOT NULL,
    password character varying(128) NOT NULL,
    last_login timestamp with time zone,
    is_superuser boolean NOT NULL,
    username character varying(150) NOT NULL,
    first_name character varying(150) NOT NULL,
    last_name character varying(150) NOT NULL,
    email character varying(254) NOT NULL,
    is_staff boolean NOT NULL,
    is_active boolean NOT NULL,
    date_joined timestamp with time zone NOT NULL
);


ALTER TABLE public.auth_user OWNER TO postgres;

--
-- Name: auth_user_groups; Type: TABLE; Schema: public; Owner: postgres
--

CREATE TABLE public.auth_user_groups (
    id bigint NOT NULL,
    user_id integer NOT NULL,
    group_id integer NOT NULL
);


ALTER TABLE public.auth_user_groups OWNER TO postgres;

--
-- Name: auth_user_groups_id_seq; Type: SEQUENCE; Schema: public; Owner: postgres
--

ALTER TABLE public.auth_user_groups ALTER COLUMN id ADD GENERATED BY DEFAULT AS IDENTITY (
    SEQUENCE NAME public.auth_user_groups_id_seq
    START WITH 1
    INCREMENT BY 1
    NO MINVALUE
    NO MAXVALUE
    CACHE 1
);


--
-- Name: auth_user_id_seq; Type: SEQUENCE; Schema: public; Owner: postgres
--

ALTER TABLE public.auth_user ALTER COLUMN id ADD GENERATED BY DEFAULT AS IDENTITY (
    SEQUENCE NAME public.auth_user_id_seq
    START WITH 1
    INCREMENT BY 1
    NO MINVALUE
    NO MAXVALUE
    CACHE 1
);


--
-- Name: auth_user_user_permissions; Type: TABLE; Schema: public; Owner: postgres
--

CREATE TABLE public.auth_user_user_permissions (
    id bigint NOT NULL,
    user_id integer NOT NULL,
    permission_id integer NOT NULL
);


ALTER TABLE public.auth_user_user_permissions OWNER TO postgres;

--
-- Name: auth_user_user_permissions_id_seq; Type: SEQUENCE; Schema: public; Owner: postgres
--

ALTER TABLE public.auth_user_user_permissions ALTER COLUMN id ADD GENERATED BY DEFAULT AS IDENTITY (
    SEQUENCE NAME public.auth_user_user_permissions_id_seq
    START WITH 1
    INCREMENT BY 1
    NO MINVALUE
    NO MAXVALUE
    CACHE 1
);


--
-- Name: django_admin_log; Type: TABLE; Schema: public; Owner: postgres
--

CREATE TABLE public.django_admin_log (
    id integer NOT NULL,
    action_time timestamp with time zone NOT NULL,
    object_id text,
    object_repr character varying(200) NOT NULL,
    action_flag smallint NOT NULL,
    change_message text NOT NULL,
    content_type_id integer,
    user_id integer NOT NULL,
    CONSTRAINT django_admin_log_action_flag_check CHECK ((action_flag >= 0))
);


ALTER TABLE public.django_admin_log OWNER TO postgres;

--
-- Name: django_admin_log_id_seq; Type: SEQUENCE; Schema: public; Owner: postgres
--

ALTER TABLE public.django_admin_log ALTER COLUMN id ADD GENERATED BY DEFAULT AS IDENTITY (
    SEQUENCE NAME public.django_admin_log_id_seq
    START WITH 1
    INCREMENT BY 1
    NO MINVALUE
    NO MAXVALUE
    CACHE 1
);


--
-- Name: django_content_type; Type: TABLE; Schema: public; Owner: postgres
--

CREATE TABLE public.django_content_type (
    id integer NOT NULL,
    app_label character varying(100) NOT NULL,
    model character varying(100) NOT NULL
);


ALTER TABLE public.django_content_type OWNER TO postgres;

--
-- Name: django_content_type_id_seq; Type: SEQUENCE; Schema: public; Owner: postgres
--

ALTER TABLE public.django_content_type ALTER COLUMN id ADD GENERATED BY DEFAULT AS IDENTITY (
    SEQUENCE NAME public.django_content_type_id_seq
    START WITH 1
    INCREMENT BY 1
    NO MINVALUE
    NO MAXVALUE
    CACHE 1
);


--
-- Name: django_migrations; Type: TABLE; Schema: public; Owner: postgres
--

CREATE TABLE public.django_migrations (
    id bigint NOT NULL,
    app character varying(255) NOT NULL,
    name character varying(255) NOT NULL,
    applied timestamp with time zone NOT NULL
);


ALTER TABLE public.django_migrations OWNER TO postgres;

--
-- Name: django_migrations_id_seq; Type: SEQUENCE; Schema: public; Owner: postgres
--

ALTER TABLE public.django_migrations ALTER COLUMN id ADD GENERATED BY DEFAULT AS IDENTITY (
    SEQUENCE NAME public.django_migrations_id_seq
    START WITH 1
    INCREMENT BY 1
    NO MINVALUE
    NO MAXVALUE
    CACHE 1
);


--
-- Name: django_session; Type: TABLE; Schema: public; Owner: postgres
--

CREATE TABLE public.django_session (
    session_key character varying(40) NOT NULL,
    session_data text NOT NULL,
    expire_date timestamp with time zone NOT NULL
);


ALTER TABLE public.django_session OWNER TO postgres;

--
-- Name: form_management_form; Type: TABLE; Schema: public; Owner: postgres
--

CREATE TABLE public.form_management_form (
    id bigint NOT NULL,
    created_dt timestamp with time zone NOT NULL,
    updated_dt timestamp with time zone NOT NULL,
    created_by integer,
    updated_by integer,
    public_id uuid NOT NULL,
    title character varying(300) NOT NULL,
    description text NOT NULL,
    mode character varying(20) NOT NULL,
    status character varying(20) NOT NULL,
    is_public boolean NOT NULL,
    login_required boolean NOT NULL,
    allow_anonymous boolean NOT NULL,
    start_date timestamp with time zone,
    end_date timestamp with time zone,
    grace_minutes integer NOT NULL,
    max_attempts integer NOT NULL,
    cooldown_minutes integer NOT NULL,
    time_limit_minutes integer,
    timer_starts_on character varying(30) NOT NULL,
    auto_submit_on_close boolean NOT NULL,
    allow_back_navigation boolean NOT NULL,
    one_question_per_page boolean NOT NULL,
    show_progress_bar boolean NOT NULL,
    enable_review_page boolean NOT NULL,
    shuffle_questions boolean NOT NULL,
    shuffle_options_globally boolean NOT NULL,
    passing_marks double precision,
    enable_negative_marking boolean NOT NULL,
    round_score_to integer NOT NULL,
    show_result_immediately boolean NOT NULL,
    show_correct_answers boolean NOT NULL,
    show_explanations boolean NOT NULL,
    show_score_breakup boolean NOT NULL,
    auto_save_answers boolean NOT NULL,
    save_interval_seconds integer NOT NULL,
    record_ip_address boolean NOT NULL,
    detect_tab_switch boolean NOT NULL,
    require_fullscreen boolean NOT NULL,
    webcam_required boolean NOT NULL,
    disable_copy_paste boolean NOT NULL,
    institute_id integer,
    university_id integer
);


ALTER TABLE public.form_management_form OWNER TO postgres;

--
-- Name: form_management_form_id_seq; Type: SEQUENCE; Schema: public; Owner: postgres
--

ALTER TABLE public.form_management_form ALTER COLUMN id ADD GENERATED BY DEFAULT AS IDENTITY (
    SEQUENCE NAME public.form_management_form_id_seq
    START WITH 1
    INCREMENT BY 1
    NO MINVALUE
    NO MAXVALUE
    CACHE 1
);


--
-- Name: form_management_formaccessrule; Type: TABLE; Schema: public; Owner: postgres
--

CREATE TABLE public.form_management_formaccessrule (
    id bigint NOT NULL,
    created_dt timestamp with time zone NOT NULL,
    updated_dt timestamp with time zone NOT NULL,
    created_by integer,
    updated_by integer,
    allowed_email_domain character varying(200) NOT NULL,
    allowed_user_group_id uuid,
    otp_required boolean NOT NULL,
    institute_id integer,
    university_id integer,
    form_id bigint NOT NULL
);


ALTER TABLE public.form_management_formaccessrule OWNER TO postgres;

--
-- Name: form_management_formaccessrule_id_seq; Type: SEQUENCE; Schema: public; Owner: postgres
--

ALTER TABLE public.form_management_formaccessrule ALTER COLUMN id ADD GENERATED BY DEFAULT AS IDENTITY (
    SEQUENCE NAME public.form_management_formaccessrule_id_seq
    START WITH 1
    INCREMENT BY 1
    NO MINVALUE
    NO MAXVALUE
    CACHE 1
);


--
-- Name: form_management_formanswer; Type: TABLE; Schema: public; Owner: postgres
--

CREATE TABLE public.form_management_formanswer (
    id bigint NOT NULL,
    created_dt timestamp with time zone NOT NULL,
    updated_dt timestamp with time zone NOT NULL,
    created_by integer,
    updated_by integer,
    question_id integer NOT NULL,
    answer_text text,
    selected_option_ids jsonb,
    displayed_option_order jsonb,
    time_spent_seconds integer NOT NULL,
    is_correct boolean,
    marks_awarded double precision NOT NULL,
    institute_id integer,
    university_id integer,
    response_id bigint NOT NULL
);


ALTER TABLE public.form_management_formanswer OWNER TO postgres;

--
-- Name: form_management_formanswer_id_seq; Type: SEQUENCE; Schema: public; Owner: postgres
--

ALTER TABLE public.form_management_formanswer ALTER COLUMN id ADD GENERATED BY DEFAULT AS IDENTITY (
    SEQUENCE NAME public.form_management_formanswer_id_seq
    START WITH 1
    INCREMENT BY 1
    NO MINVALUE
    NO MAXVALUE
    CACHE 1
);


--
-- Name: form_management_formattemptlog; Type: TABLE; Schema: public; Owner: postgres
--

CREATE TABLE public.form_management_formattemptlog (
    id bigint NOT NULL,
    created_dt timestamp with time zone NOT NULL,
    updated_dt timestamp with time zone NOT NULL,
    created_by integer,
    updated_by integer,
    event_type character varying(100) NOT NULL,
    "timestamp" timestamp with time zone NOT NULL,
    ip_address inet,
    institute_id integer,
    university_id integer,
    response_id bigint NOT NULL
);


ALTER TABLE public.form_management_formattemptlog OWNER TO postgres;

--
-- Name: form_management_formattemptlog_id_seq; Type: SEQUENCE; Schema: public; Owner: postgres
--

ALTER TABLE public.form_management_formattemptlog ALTER COLUMN id ADD GENERATED BY DEFAULT AS IDENTITY (
    SEQUENCE NAME public.form_management_formattemptlog_id_seq
    START WITH 1
    INCREMENT BY 1
    NO MINVALUE
    NO MAXVALUE
    CACHE 1
);


--
-- Name: form_management_formquestion; Type: TABLE; Schema: public; Owner: postgres
--

CREATE TABLE public.form_management_formquestion (
    id bigint NOT NULL,
    created_dt timestamp with time zone NOT NULL,
    updated_dt timestamp with time zone NOT NULL,
    created_by integer,
    updated_by integer,
    question_id integer NOT NULL,
    "order" integer NOT NULL,
    is_required boolean NOT NULL,
    marks double precision NOT NULL,
    negative_marks double precision NOT NULL,
    shuffle_options_override boolean,
    time_limit_seconds integer,
    institute_id integer,
    university_id integer,
    form_id bigint NOT NULL,
    section_id bigint,
    consider_for_analytics boolean NOT NULL
);


ALTER TABLE public.form_management_formquestion OWNER TO postgres;

--
-- Name: form_management_formquestion_id_seq; Type: SEQUENCE; Schema: public; Owner: postgres
--

ALTER TABLE public.form_management_formquestion ALTER COLUMN id ADD GENERATED BY DEFAULT AS IDENTITY (
    SEQUENCE NAME public.form_management_formquestion_id_seq
    START WITH 1
    INCREMENT BY 1
    NO MINVALUE
    NO MAXVALUE
    CACHE 1
);


--
-- Name: form_management_formresponse; Type: TABLE; Schema: public; Owner: postgres
--

CREATE TABLE public.form_management_formresponse (
    id bigint NOT NULL,
    created_dt timestamp with time zone NOT NULL,
    updated_dt timestamp with time zone NOT NULL,
    created_by integer,
    updated_by integer,
    user_id uuid,
    attempt_number integer NOT NULL,
    started_at timestamp with time zone NOT NULL,
    submitted_at timestamp with time zone,
    total_time_seconds integer NOT NULL,
    score double precision NOT NULL,
    passed boolean NOT NULL,
    is_completed boolean NOT NULL,
    ip_address inet,
    institute_id integer,
    university_id integer,
    form_id bigint NOT NULL
);


ALTER TABLE public.form_management_formresponse OWNER TO postgres;

--
-- Name: form_management_formresponse_id_seq; Type: SEQUENCE; Schema: public; Owner: postgres
--

ALTER TABLE public.form_management_formresponse ALTER COLUMN id ADD GENERATED BY DEFAULT AS IDENTITY (
    SEQUENCE NAME public.form_management_formresponse_id_seq
    START WITH 1
    INCREMENT BY 1
    NO MINVALUE
    NO MAXVALUE
    CACHE 1
);


--
-- Name: form_management_formsection; Type: TABLE; Schema: public; Owner: postgres
--

CREATE TABLE public.form_management_formsection (
    id bigint NOT NULL,
    created_dt timestamp with time zone NOT NULL,
    updated_dt timestamp with time zone NOT NULL,
    created_by integer,
    updated_by integer,
    title character varying(200) NOT NULL,
    description text NOT NULL,
    "order" integer NOT NULL,
    institute_id integer,
    university_id integer,
    form_id bigint NOT NULL
);


ALTER TABLE public.form_management_formsection OWNER TO postgres;

--
-- Name: form_management_formsection_id_seq; Type: SEQUENCE; Schema: public; Owner: postgres
--

ALTER TABLE public.form_management_formsection ALTER COLUMN id ADD GENERATED BY DEFAULT AS IDENTITY (
    SEQUENCE NAME public.form_management_formsection_id_seq
    START WITH 1
    INCREMENT BY 1
    NO MINVALUE
    NO MAXVALUE
    CACHE 1
);


--
-- Name: form_management_questionanalytics; Type: TABLE; Schema: public; Owner: postgres
--

CREATE TABLE public.form_management_questionanalytics (
    id bigint NOT NULL,
    created_dt timestamp with time zone NOT NULL,
    updated_dt timestamp with time zone NOT NULL,
    created_by integer,
    updated_by integer,
    question_id integer NOT NULL,
    total_attempts integer NOT NULL,
    correct_attempts integer NOT NULL,
    institute_id integer,
    university_id integer,
    form_id bigint NOT NULL
);


ALTER TABLE public.form_management_questionanalytics OWNER TO postgres;

--
-- Name: form_management_questionanalytics_id_seq; Type: SEQUENCE; Schema: public; Owner: postgres
--

ALTER TABLE public.form_management_questionanalytics ALTER COLUMN id ADD GENERATED BY DEFAULT AS IDENTITY (
    SEQUENCE NAME public.form_management_questionanalytics_id_seq
    START WITH 1
    INCREMENT BY 1
    NO MINVALUE
    NO MAXVALUE
    CACHE 1
);


--
-- Name: form_management_questionlogic; Type: TABLE; Schema: public; Owner: postgres
--

CREATE TABLE public.form_management_questionlogic (
    id bigint NOT NULL,
    created_dt timestamp with time zone NOT NULL,
    updated_dt timestamp with time zone NOT NULL,
    created_by integer,
    updated_by integer,
    source_question_id integer NOT NULL,
    expected_answer text NOT NULL,
    target_question_id integer NOT NULL,
    action character varying(50) NOT NULL,
    institute_id integer,
    university_id integer,
    form_id bigint NOT NULL
);


ALTER TABLE public.form_management_questionlogic OWNER TO postgres;

--
-- Name: form_management_questionlogic_id_seq; Type: SEQUENCE; Schema: public; Owner: postgres
--

ALTER TABLE public.form_management_questionlogic ALTER COLUMN id ADD GENERATED BY DEFAULT AS IDENTITY (
    SEQUENCE NAME public.form_management_questionlogic_id_seq
    START WITH 1
    INCREMENT BY 1
    NO MINVALUE
    NO MAXVALUE
    CACHE 1
);


--
-- Name: form_management_questionpool; Type: TABLE; Schema: public; Owner: postgres
--

CREATE TABLE public.form_management_questionpool (
    id bigint NOT NULL,
    created_dt timestamp with time zone NOT NULL,
    updated_dt timestamp with time zone NOT NULL,
    created_by integer,
    updated_by integer,
    name character varying(200) NOT NULL,
    pick_count integer NOT NULL,
    shuffle_questions boolean NOT NULL,
    institute_id integer,
    university_id integer,
    form_id bigint NOT NULL
);


ALTER TABLE public.form_management_questionpool OWNER TO postgres;

--
-- Name: form_management_questionpool_id_seq; Type: SEQUENCE; Schema: public; Owner: postgres
--

ALTER TABLE public.form_management_questionpool ALTER COLUMN id ADD GENERATED BY DEFAULT AS IDENTITY (
    SEQUENCE NAME public.form_management_questionpool_id_seq
    START WITH 1
    INCREMENT BY 1
    NO MINVALUE
    NO MAXVALUE
    CACHE 1
);


--
-- Name: form_management_questionsnapshot; Type: TABLE; Schema: public; Owner: postgres
--

CREATE TABLE public.form_management_questionsnapshot (
    id bigint NOT NULL,
    question_text text NOT NULL,
    question_type character varying(100) NOT NULL,
    options_snapshot jsonb,
    form_question_id bigint NOT NULL
);


ALTER TABLE public.form_management_questionsnapshot OWNER TO postgres;

--
-- Name: form_management_questionsnapshot_id_seq; Type: SEQUENCE; Schema: public; Owner: postgres
--

ALTER TABLE public.form_management_questionsnapshot ALTER COLUMN id ADD GENERATED BY DEFAULT AS IDENTITY (
    SEQUENCE NAME public.form_management_questionsnapshot_id_seq
    START WITH 1
    INCREMENT BY 1
    NO MINVALUE
    NO MAXVALUE
    CACHE 1
);


--
-- Name: form_management_responsefileupload; Type: TABLE; Schema: public; Owner: postgres
--

CREATE TABLE public.form_management_responsefileupload (
    id bigint NOT NULL,
    created_dt timestamp with time zone NOT NULL,
    updated_dt timestamp with time zone NOT NULL,
    created_by integer,
    updated_by integer,
    question_id integer NOT NULL,
    file_path text NOT NULL,
    institute_id integer,
    university_id integer,
    response_id bigint NOT NULL
);


ALTER TABLE public.form_management_responsefileupload OWNER TO postgres;

--
-- Name: form_management_responsefileupload_id_seq; Type: SEQUENCE; Schema: public; Owner: postgres
--

ALTER TABLE public.form_management_responsefileupload ALTER COLUMN id ADD GENERATED BY DEFAULT AS IDENTITY (
    SEQUENCE NAME public.form_management_responsefileupload_id_seq
    START WITH 1
    INCREMENT BY 1
    NO MINVALUE
    NO MAXVALUE
    CACHE 1
);


--
-- Data for Name: auth_group; Type: TABLE DATA; Schema: public; Owner: postgres
--

COPY public.auth_group (id, name) FROM stdin;
\.


--
-- Data for Name: auth_group_permissions; Type: TABLE DATA; Schema: public; Owner: postgres
--

COPY public.auth_group_permissions (id, group_id, permission_id) FROM stdin;
\.


--
-- Data for Name: auth_permission; Type: TABLE DATA; Schema: public; Owner: postgres
--

COPY public.auth_permission (id, name, content_type_id, codename) FROM stdin;
1	Can add log entry	1	add_logentry
2	Can change log entry	1	change_logentry
3	Can delete log entry	1	delete_logentry
4	Can view log entry	1	view_logentry
5	Can add permission	3	add_permission
6	Can change permission	3	change_permission
7	Can delete permission	3	delete_permission
8	Can view permission	3	view_permission
9	Can add group	2	add_group
10	Can change group	2	change_group
11	Can delete group	2	delete_group
12	Can view group	2	view_group
13	Can add user	4	add_user
14	Can change user	4	change_user
15	Can delete user	4	delete_user
16	Can view user	4	view_user
17	Can add content type	5	add_contenttype
18	Can change content type	5	change_contenttype
19	Can delete content type	5	delete_contenttype
20	Can view content type	5	view_contenttype
21	Can add session	6	add_session
22	Can change session	6	change_session
23	Can delete session	6	delete_session
24	Can view session	6	view_session
25	Can add form answer	9	add_formanswer
26	Can change form answer	9	change_formanswer
27	Can delete form answer	9	delete_formanswer
28	Can view form answer	9	view_formanswer
29	Can add question pool	16	add_questionpool
30	Can change question pool	16	change_questionpool
31	Can delete question pool	16	delete_questionpool
32	Can view question pool	16	view_questionpool
33	Can add form section	13	add_formsection
34	Can change form section	13	change_formsection
35	Can delete form section	13	delete_formsection
36	Can view form section	13	view_formsection
37	Can add form access rule	8	add_formaccessrule
38	Can change form access rule	8	change_formaccessrule
39	Can delete form access rule	8	delete_formaccessrule
40	Can view form access rule	8	view_formaccessrule
41	Can add form response	12	add_formresponse
42	Can change form response	12	change_formresponse
43	Can delete form response	12	delete_formresponse
44	Can view form response	12	view_formresponse
45	Can add form	7	add_form
46	Can change form	7	change_form
47	Can delete form	7	delete_form
48	Can view form	7	view_form
49	Can add form question	11	add_formquestion
50	Can change form question	11	change_formquestion
51	Can delete form question	11	delete_formquestion
52	Can view form question	11	view_formquestion
53	Can add form attempt log	10	add_formattemptlog
54	Can change form attempt log	10	change_formattemptlog
55	Can delete form attempt log	10	delete_formattemptlog
56	Can view form attempt log	10	view_formattemptlog
57	Can add question analytics	14	add_questionanalytics
58	Can change question analytics	14	change_questionanalytics
59	Can delete question analytics	14	delete_questionanalytics
60	Can view question analytics	14	view_questionanalytics
61	Can add question logic	15	add_questionlogic
62	Can change question logic	15	change_questionlogic
63	Can delete question logic	15	delete_questionlogic
64	Can view question logic	15	view_questionlogic
65	Can add response file upload	17	add_responsefileupload
66	Can change response file upload	17	change_responsefileupload
67	Can delete response file upload	17	delete_responsefileupload
68	Can view response file upload	17	view_responsefileupload
69	Can add question snapshot	18	add_questionsnapshot
70	Can change question snapshot	18	change_questionsnapshot
71	Can delete question snapshot	18	delete_questionsnapshot
72	Can view question snapshot	18	view_questionsnapshot
\.


--
-- Data for Name: auth_user; Type: TABLE DATA; Schema: public; Owner: postgres
--

COPY public.auth_user (id, password, last_login, is_superuser, username, first_name, last_name, email, is_staff, is_active, date_joined) FROM stdin;
\.


--
-- Data for Name: auth_user_groups; Type: TABLE DATA; Schema: public; Owner: postgres
--

COPY public.auth_user_groups (id, user_id, group_id) FROM stdin;
\.


--
-- Data for Name: auth_user_user_permissions; Type: TABLE DATA; Schema: public; Owner: postgres
--

COPY public.auth_user_user_permissions (id, user_id, permission_id) FROM stdin;
\.


--
-- Data for Name: django_admin_log; Type: TABLE DATA; Schema: public; Owner: postgres
--

COPY public.django_admin_log (id, action_time, object_id, object_repr, action_flag, change_message, content_type_id, user_id) FROM stdin;
\.


--
-- Data for Name: django_content_type; Type: TABLE DATA; Schema: public; Owner: postgres
--

COPY public.django_content_type (id, app_label, model) FROM stdin;
1	admin	logentry
2	auth	group
3	auth	permission
4	auth	user
5	contenttypes	contenttype
6	sessions	session
7	form_management	form
8	form_management	formaccessrule
9	form_management	formanswer
10	form_management	formattemptlog
11	form_management	formquestion
12	form_management	formresponse
13	form_management	formsection
14	form_management	questionanalytics
15	form_management	questionlogic
16	form_management	questionpool
17	form_management	responsefileupload
18	form_management	questionsnapshot
\.


--
-- Data for Name: django_migrations; Type: TABLE DATA; Schema: public; Owner: postgres
--

COPY public.django_migrations (id, app, name, applied) FROM stdin;
1	contenttypes	0001_initial	2026-02-24 13:50:33.868497+05:30
2	auth	0001_initial	2026-02-24 13:50:33.95636+05:30
3	admin	0001_initial	2026-02-24 13:50:33.981639+05:30
4	admin	0002_logentry_remove_auto_add	2026-02-24 13:50:33.988414+05:30
5	admin	0003_logentry_add_action_flag_choices	2026-02-24 13:50:33.994484+05:30
6	contenttypes	0002_remove_content_type_name	2026-02-24 13:50:34.009361+05:30
7	auth	0002_alter_permission_name_max_length	2026-02-24 13:50:34.016613+05:30
8	auth	0003_alter_user_email_max_length	2026-02-24 13:50:34.022856+05:30
9	auth	0004_alter_user_username_opts	2026-02-24 13:50:34.03002+05:30
10	auth	0005_alter_user_last_login_null	2026-02-24 13:50:34.035248+05:30
11	auth	0006_require_contenttypes_0002	2026-02-24 13:50:34.036247+05:30
12	auth	0007_alter_validators_add_error_messages	2026-02-24 13:50:34.044781+05:30
13	auth	0008_alter_user_username_max_length	2026-02-24 13:50:34.056179+05:30
14	auth	0009_alter_user_last_name_max_length	2026-02-24 13:50:34.060721+05:30
15	auth	0010_alter_group_name_max_length	2026-02-24 13:50:34.073068+05:30
16	auth	0011_update_proxy_permissions	2026-02-24 13:50:34.077591+05:30
17	auth	0012_alter_user_first_name_max_length	2026-02-24 13:50:34.083912+05:30
18	sessions	0001_initial	2026-02-24 13:50:34.097065+05:30
19	form_management	0001_initial	2026-02-24 14:39:17.987213+05:30
20	form_management	0002_alter_question_identifier_fields	2026-02-26 00:07:59.900277+05:30
21	form_management	0003_formquestion_consider_for_analytics	2026-02-26 00:12:08.453962+05:30
22	form_management	0004_questionsnapshot	2026-02-26 10:40:09.603523+05:30
\.


--
-- Data for Name: django_session; Type: TABLE DATA; Schema: public; Owner: postgres
--

COPY public.django_session (session_key, session_data, expire_date) FROM stdin;
\.


--
-- Data for Name: form_management_form; Type: TABLE DATA; Schema: public; Owner: postgres
--

COPY public.form_management_form (id, created_dt, updated_dt, created_by, updated_by, public_id, title, description, mode, status, is_public, login_required, allow_anonymous, start_date, end_date, grace_minutes, max_attempts, cooldown_minutes, time_limit_minutes, timer_starts_on, auto_submit_on_close, allow_back_navigation, one_question_per_page, show_progress_bar, enable_review_page, shuffle_questions, shuffle_options_globally, passing_marks, enable_negative_marking, round_score_to, show_result_immediately, show_correct_answers, show_explanations, show_score_breakup, auto_save_answers, save_interval_seconds, record_ip_address, detect_tab_switch, require_fullscreen, webcam_required, disable_copy_paste, institute_id, university_id) FROM stdin;
\.


--
-- Data for Name: form_management_formaccessrule; Type: TABLE DATA; Schema: public; Owner: postgres
--

COPY public.form_management_formaccessrule (id, created_dt, updated_dt, created_by, updated_by, allowed_email_domain, allowed_user_group_id, otp_required, institute_id, university_id, form_id) FROM stdin;
\.


--
-- Data for Name: form_management_formanswer; Type: TABLE DATA; Schema: public; Owner: postgres
--

COPY public.form_management_formanswer (id, created_dt, updated_dt, created_by, updated_by, question_id, answer_text, selected_option_ids, displayed_option_order, time_spent_seconds, is_correct, marks_awarded, institute_id, university_id, response_id) FROM stdin;
\.


--
-- Data for Name: form_management_formattemptlog; Type: TABLE DATA; Schema: public; Owner: postgres
--

COPY public.form_management_formattemptlog (id, created_dt, updated_dt, created_by, updated_by, event_type, "timestamp", ip_address, institute_id, university_id, response_id) FROM stdin;
\.


--
-- Data for Name: form_management_formquestion; Type: TABLE DATA; Schema: public; Owner: postgres
--

COPY public.form_management_formquestion (id, created_dt, updated_dt, created_by, updated_by, question_id, "order", is_required, marks, negative_marks, shuffle_options_override, time_limit_seconds, institute_id, university_id, form_id, section_id, consider_for_analytics) FROM stdin;
\.


--
-- Data for Name: form_management_formresponse; Type: TABLE DATA; Schema: public; Owner: postgres
--

COPY public.form_management_formresponse (id, created_dt, updated_dt, created_by, updated_by, user_id, attempt_number, started_at, submitted_at, total_time_seconds, score, passed, is_completed, ip_address, institute_id, university_id, form_id) FROM stdin;
\.


--
-- Data for Name: form_management_formsection; Type: TABLE DATA; Schema: public; Owner: postgres
--

COPY public.form_management_formsection (id, created_dt, updated_dt, created_by, updated_by, title, description, "order", institute_id, university_id, form_id) FROM stdin;
\.


--
-- Data for Name: form_management_questionanalytics; Type: TABLE DATA; Schema: public; Owner: postgres
--

COPY public.form_management_questionanalytics (id, created_dt, updated_dt, created_by, updated_by, question_id, total_attempts, correct_attempts, institute_id, university_id, form_id) FROM stdin;
\.


--
-- Data for Name: form_management_questionlogic; Type: TABLE DATA; Schema: public; Owner: postgres
--

COPY public.form_management_questionlogic (id, created_dt, updated_dt, created_by, updated_by, source_question_id, expected_answer, target_question_id, action, institute_id, university_id, form_id) FROM stdin;
\.


--
-- Data for Name: form_management_questionpool; Type: TABLE DATA; Schema: public; Owner: postgres
--

COPY public.form_management_questionpool (id, created_dt, updated_dt, created_by, updated_by, name, pick_count, shuffle_questions, institute_id, university_id, form_id) FROM stdin;
\.


--
-- Data for Name: form_management_questionsnapshot; Type: TABLE DATA; Schema: public; Owner: postgres
--

COPY public.form_management_questionsnapshot (id, question_text, question_type, options_snapshot, form_question_id) FROM stdin;
\.


--
-- Data for Name: form_management_responsefileupload; Type: TABLE DATA; Schema: public; Owner: postgres
--

COPY public.form_management_responsefileupload (id, created_dt, updated_dt, created_by, updated_by, question_id, file_path, institute_id, university_id, response_id) FROM stdin;
\.


--
-- Name: auth_group_id_seq; Type: SEQUENCE SET; Schema: public; Owner: postgres
--

SELECT pg_catalog.setval('public.auth_group_id_seq', 1, false);


--
-- Name: auth_group_permissions_id_seq; Type: SEQUENCE SET; Schema: public; Owner: postgres
--

SELECT pg_catalog.setval('public.auth_group_permissions_id_seq', 1, false);


--
-- Name: auth_permission_id_seq; Type: SEQUENCE SET; Schema: public; Owner: postgres
--

SELECT pg_catalog.setval('public.auth_permission_id_seq', 72, true);


--
-- Name: auth_user_groups_id_seq; Type: SEQUENCE SET; Schema: public; Owner: postgres
--

SELECT pg_catalog.setval('public.auth_user_groups_id_seq', 1, false);


--
-- Name: auth_user_id_seq; Type: SEQUENCE SET; Schema: public; Owner: postgres
--

SELECT pg_catalog.setval('public.auth_user_id_seq', 1, true);


--
-- Name: auth_user_user_permissions_id_seq; Type: SEQUENCE SET; Schema: public; Owner: postgres
--

SELECT pg_catalog.setval('public.auth_user_user_permissions_id_seq', 1, false);


--
-- Name: django_admin_log_id_seq; Type: SEQUENCE SET; Schema: public; Owner: postgres
--

SELECT pg_catalog.setval('public.django_admin_log_id_seq', 1, false);


--
-- Name: django_content_type_id_seq; Type: SEQUENCE SET; Schema: public; Owner: postgres
--

SELECT pg_catalog.setval('public.django_content_type_id_seq', 18, true);


--
-- Name: django_migrations_id_seq; Type: SEQUENCE SET; Schema: public; Owner: postgres
--

SELECT pg_catalog.setval('public.django_migrations_id_seq', 22, true);


--
-- Name: form_management_form_id_seq; Type: SEQUENCE SET; Schema: public; Owner: postgres
--

SELECT pg_catalog.setval('public.form_management_form_id_seq', 1, false);


--
-- Name: form_management_formaccessrule_id_seq; Type: SEQUENCE SET; Schema: public; Owner: postgres
--

SELECT pg_catalog.setval('public.form_management_formaccessrule_id_seq', 1, false);


--
-- Name: form_management_formanswer_id_seq; Type: SEQUENCE SET; Schema: public; Owner: postgres
--

SELECT pg_catalog.setval('public.form_management_formanswer_id_seq', 1, false);


--
-- Name: form_management_formattemptlog_id_seq; Type: SEQUENCE SET; Schema: public; Owner: postgres
--

SELECT pg_catalog.setval('public.form_management_formattemptlog_id_seq', 1, false);


--
-- Name: form_management_formquestion_id_seq; Type: SEQUENCE SET; Schema: public; Owner: postgres
--

SELECT pg_catalog.setval('public.form_management_formquestion_id_seq', 1, false);


--
-- Name: form_management_formresponse_id_seq; Type: SEQUENCE SET; Schema: public; Owner: postgres
--

SELECT pg_catalog.setval('public.form_management_formresponse_id_seq', 1, false);


--
-- Name: form_management_formsection_id_seq; Type: SEQUENCE SET; Schema: public; Owner: postgres
--

SELECT pg_catalog.setval('public.form_management_formsection_id_seq', 1, false);


--
-- Name: form_management_questionanalytics_id_seq; Type: SEQUENCE SET; Schema: public; Owner: postgres
--

SELECT pg_catalog.setval('public.form_management_questionanalytics_id_seq', 1, false);


--
-- Name: form_management_questionlogic_id_seq; Type: SEQUENCE SET; Schema: public; Owner: postgres
--

SELECT pg_catalog.setval('public.form_management_questionlogic_id_seq', 1, false);


--
-- Name: form_management_questionpool_id_seq; Type: SEQUENCE SET; Schema: public; Owner: postgres
--

SELECT pg_catalog.setval('public.form_management_questionpool_id_seq', 1, false);


--
-- Name: form_management_questionsnapshot_id_seq; Type: SEQUENCE SET; Schema: public; Owner: postgres
--

SELECT pg_catalog.setval('public.form_management_questionsnapshot_id_seq', 1, false);


--
-- Name: form_management_responsefileupload_id_seq; Type: SEQUENCE SET; Schema: public; Owner: postgres
--

SELECT pg_catalog.setval('public.form_management_responsefileupload_id_seq', 1, false);


--
-- Name: auth_group auth_group_name_key; Type: CONSTRAINT; Schema: public; Owner: postgres
--

ALTER TABLE ONLY public.auth_group
    ADD CONSTRAINT auth_group_name_key UNIQUE (name);


--
-- Name: auth_group_permissions auth_group_permissions_group_id_permission_id_0cd325b0_uniq; Type: CONSTRAINT; Schema: public; Owner: postgres
--

ALTER TABLE ONLY public.auth_group_permissions
    ADD CONSTRAINT auth_group_permissions_group_id_permission_id_0cd325b0_uniq UNIQUE (group_id, permission_id);


--
-- Name: auth_group_permissions auth_group_permissions_pkey; Type: CONSTRAINT; Schema: public; Owner: postgres
--

ALTER TABLE ONLY public.auth_group_permissions
    ADD CONSTRAINT auth_group_permissions_pkey PRIMARY KEY (id);


--
-- Name: auth_group auth_group_pkey; Type: CONSTRAINT; Schema: public; Owner: postgres
--

ALTER TABLE ONLY public.auth_group
    ADD CONSTRAINT auth_group_pkey PRIMARY KEY (id);


--
-- Name: auth_permission auth_permission_content_type_id_codename_01ab375a_uniq; Type: CONSTRAINT; Schema: public; Owner: postgres
--

ALTER TABLE ONLY public.auth_permission
    ADD CONSTRAINT auth_permission_content_type_id_codename_01ab375a_uniq UNIQUE (content_type_id, codename);


--
-- Name: auth_permission auth_permission_pkey; Type: CONSTRAINT; Schema: public; Owner: postgres
--

ALTER TABLE ONLY public.auth_permission
    ADD CONSTRAINT auth_permission_pkey PRIMARY KEY (id);


--
-- Name: auth_user_groups auth_user_groups_pkey; Type: CONSTRAINT; Schema: public; Owner: postgres
--

ALTER TABLE ONLY public.auth_user_groups
    ADD CONSTRAINT auth_user_groups_pkey PRIMARY KEY (id);


--
-- Name: auth_user_groups auth_user_groups_user_id_group_id_94350c0c_uniq; Type: CONSTRAINT; Schema: public; Owner: postgres
--

ALTER TABLE ONLY public.auth_user_groups
    ADD CONSTRAINT auth_user_groups_user_id_group_id_94350c0c_uniq UNIQUE (user_id, group_id);


--
-- Name: auth_user auth_user_pkey; Type: CONSTRAINT; Schema: public; Owner: postgres
--

ALTER TABLE ONLY public.auth_user
    ADD CONSTRAINT auth_user_pkey PRIMARY KEY (id);


--
-- Name: auth_user_user_permissions auth_user_user_permissions_pkey; Type: CONSTRAINT; Schema: public; Owner: postgres
--

ALTER TABLE ONLY public.auth_user_user_permissions
    ADD CONSTRAINT auth_user_user_permissions_pkey PRIMARY KEY (id);


--
-- Name: auth_user_user_permissions auth_user_user_permissions_user_id_permission_id_14a6b632_uniq; Type: CONSTRAINT; Schema: public; Owner: postgres
--

ALTER TABLE ONLY public.auth_user_user_permissions
    ADD CONSTRAINT auth_user_user_permissions_user_id_permission_id_14a6b632_uniq UNIQUE (user_id, permission_id);


--
-- Name: auth_user auth_user_username_key; Type: CONSTRAINT; Schema: public; Owner: postgres
--

ALTER TABLE ONLY public.auth_user
    ADD CONSTRAINT auth_user_username_key UNIQUE (username);


--
-- Name: django_admin_log django_admin_log_pkey; Type: CONSTRAINT; Schema: public; Owner: postgres
--

ALTER TABLE ONLY public.django_admin_log
    ADD CONSTRAINT django_admin_log_pkey PRIMARY KEY (id);


--
-- Name: django_content_type django_content_type_app_label_model_76bd3d3b_uniq; Type: CONSTRAINT; Schema: public; Owner: postgres
--

ALTER TABLE ONLY public.django_content_type
    ADD CONSTRAINT django_content_type_app_label_model_76bd3d3b_uniq UNIQUE (app_label, model);


--
-- Name: django_content_type django_content_type_pkey; Type: CONSTRAINT; Schema: public; Owner: postgres
--

ALTER TABLE ONLY public.django_content_type
    ADD CONSTRAINT django_content_type_pkey PRIMARY KEY (id);


--
-- Name: django_migrations django_migrations_pkey; Type: CONSTRAINT; Schema: public; Owner: postgres
--

ALTER TABLE ONLY public.django_migrations
    ADD CONSTRAINT django_migrations_pkey PRIMARY KEY (id);


--
-- Name: django_session django_session_pkey; Type: CONSTRAINT; Schema: public; Owner: postgres
--

ALTER TABLE ONLY public.django_session
    ADD CONSTRAINT django_session_pkey PRIMARY KEY (session_key);


--
-- Name: form_management_form form_management_form_pkey; Type: CONSTRAINT; Schema: public; Owner: postgres
--

ALTER TABLE ONLY public.form_management_form
    ADD CONSTRAINT form_management_form_pkey PRIMARY KEY (id);


--
-- Name: form_management_form form_management_form_public_id_key; Type: CONSTRAINT; Schema: public; Owner: postgres
--

ALTER TABLE ONLY public.form_management_form
    ADD CONSTRAINT form_management_form_public_id_key UNIQUE (public_id);


--
-- Name: form_management_formaccessrule form_management_formaccessrule_pkey; Type: CONSTRAINT; Schema: public; Owner: postgres
--

ALTER TABLE ONLY public.form_management_formaccessrule
    ADD CONSTRAINT form_management_formaccessrule_pkey PRIMARY KEY (id);


--
-- Name: form_management_formanswer form_management_formanswer_pkey; Type: CONSTRAINT; Schema: public; Owner: postgres
--

ALTER TABLE ONLY public.form_management_formanswer
    ADD CONSTRAINT form_management_formanswer_pkey PRIMARY KEY (id);


--
-- Name: form_management_formattemptlog form_management_formattemptlog_pkey; Type: CONSTRAINT; Schema: public; Owner: postgres
--

ALTER TABLE ONLY public.form_management_formattemptlog
    ADD CONSTRAINT form_management_formattemptlog_pkey PRIMARY KEY (id);


--
-- Name: form_management_formquestion form_management_formquestion_pkey; Type: CONSTRAINT; Schema: public; Owner: postgres
--

ALTER TABLE ONLY public.form_management_formquestion
    ADD CONSTRAINT form_management_formquestion_pkey PRIMARY KEY (id);


--
-- Name: form_management_formresponse form_management_formresponse_pkey; Type: CONSTRAINT; Schema: public; Owner: postgres
--

ALTER TABLE ONLY public.form_management_formresponse
    ADD CONSTRAINT form_management_formresponse_pkey PRIMARY KEY (id);


--
-- Name: form_management_formsection form_management_formsection_pkey; Type: CONSTRAINT; Schema: public; Owner: postgres
--

ALTER TABLE ONLY public.form_management_formsection
    ADD CONSTRAINT form_management_formsection_pkey PRIMARY KEY (id);


--
-- Name: form_management_questionanalytics form_management_questionanalytics_pkey; Type: CONSTRAINT; Schema: public; Owner: postgres
--

ALTER TABLE ONLY public.form_management_questionanalytics
    ADD CONSTRAINT form_management_questionanalytics_pkey PRIMARY KEY (id);


--
-- Name: form_management_questionlogic form_management_questionlogic_pkey; Type: CONSTRAINT; Schema: public; Owner: postgres
--

ALTER TABLE ONLY public.form_management_questionlogic
    ADD CONSTRAINT form_management_questionlogic_pkey PRIMARY KEY (id);


--
-- Name: form_management_questionpool form_management_questionpool_pkey; Type: CONSTRAINT; Schema: public; Owner: postgres
--

ALTER TABLE ONLY public.form_management_questionpool
    ADD CONSTRAINT form_management_questionpool_pkey PRIMARY KEY (id);


--
-- Name: form_management_questionsnapshot form_management_questionsnapshot_form_question_id_key; Type: CONSTRAINT; Schema: public; Owner: postgres
--

ALTER TABLE ONLY public.form_management_questionsnapshot
    ADD CONSTRAINT form_management_questionsnapshot_form_question_id_key UNIQUE (form_question_id);


--
-- Name: form_management_questionsnapshot form_management_questionsnapshot_pkey; Type: CONSTRAINT; Schema: public; Owner: postgres
--

ALTER TABLE ONLY public.form_management_questionsnapshot
    ADD CONSTRAINT form_management_questionsnapshot_pkey PRIMARY KEY (id);


--
-- Name: form_management_responsefileupload form_management_responsefileupload_pkey; Type: CONSTRAINT; Schema: public; Owner: postgres
--

ALTER TABLE ONLY public.form_management_responsefileupload
    ADD CONSTRAINT form_management_responsefileupload_pkey PRIMARY KEY (id);


--
-- Name: auth_group_name_a6ea08ec_like; Type: INDEX; Schema: public; Owner: postgres
--

CREATE INDEX auth_group_name_a6ea08ec_like ON public.auth_group USING btree (name varchar_pattern_ops);


--
-- Name: auth_group_permissions_group_id_b120cbf9; Type: INDEX; Schema: public; Owner: postgres
--

CREATE INDEX auth_group_permissions_group_id_b120cbf9 ON public.auth_group_permissions USING btree (group_id);


--
-- Name: auth_group_permissions_permission_id_84c5c92e; Type: INDEX; Schema: public; Owner: postgres
--

CREATE INDEX auth_group_permissions_permission_id_84c5c92e ON public.auth_group_permissions USING btree (permission_id);


--
-- Name: auth_permission_content_type_id_2f476e4b; Type: INDEX; Schema: public; Owner: postgres
--

CREATE INDEX auth_permission_content_type_id_2f476e4b ON public.auth_permission USING btree (content_type_id);


--
-- Name: auth_user_groups_group_id_97559544; Type: INDEX; Schema: public; Owner: postgres
--

CREATE INDEX auth_user_groups_group_id_97559544 ON public.auth_user_groups USING btree (group_id);


--
-- Name: auth_user_groups_user_id_6a12ed8b; Type: INDEX; Schema: public; Owner: postgres
--

CREATE INDEX auth_user_groups_user_id_6a12ed8b ON public.auth_user_groups USING btree (user_id);


--
-- Name: auth_user_user_permissions_permission_id_1fbb5f2c; Type: INDEX; Schema: public; Owner: postgres
--

CREATE INDEX auth_user_user_permissions_permission_id_1fbb5f2c ON public.auth_user_user_permissions USING btree (permission_id);


--
-- Name: auth_user_user_permissions_user_id_a95ead1b; Type: INDEX; Schema: public; Owner: postgres
--

CREATE INDEX auth_user_user_permissions_user_id_a95ead1b ON public.auth_user_user_permissions USING btree (user_id);


--
-- Name: auth_user_username_6821ab7c_like; Type: INDEX; Schema: public; Owner: postgres
--

CREATE INDEX auth_user_username_6821ab7c_like ON public.auth_user USING btree (username varchar_pattern_ops);


--
-- Name: django_admin_log_content_type_id_c4bce8eb; Type: INDEX; Schema: public; Owner: postgres
--

CREATE INDEX django_admin_log_content_type_id_c4bce8eb ON public.django_admin_log USING btree (content_type_id);


--
-- Name: django_admin_log_user_id_c564eba6; Type: INDEX; Schema: public; Owner: postgres
--

CREATE INDEX django_admin_log_user_id_c564eba6 ON public.django_admin_log USING btree (user_id);


--
-- Name: django_session_expire_date_a5c62663; Type: INDEX; Schema: public; Owner: postgres
--

CREATE INDEX django_session_expire_date_a5c62663 ON public.django_session USING btree (expire_date);


--
-- Name: django_session_session_key_c0390e0f_like; Type: INDEX; Schema: public; Owner: postgres
--

CREATE INDEX django_session_session_key_c0390e0f_like ON public.django_session USING btree (session_key varchar_pattern_ops);


--
-- Name: form_management_form_institute_id_36d27f42; Type: INDEX; Schema: public; Owner: postgres
--

CREATE INDEX form_management_form_institute_id_36d27f42 ON public.form_management_form USING btree (institute_id);


--
-- Name: form_management_form_university_id_d0bb146b; Type: INDEX; Schema: public; Owner: postgres
--

CREATE INDEX form_management_form_university_id_d0bb146b ON public.form_management_form USING btree (university_id);


--
-- Name: form_management_formaccessrule_form_id_973c9753; Type: INDEX; Schema: public; Owner: postgres
--

CREATE INDEX form_management_formaccessrule_form_id_973c9753 ON public.form_management_formaccessrule USING btree (form_id);


--
-- Name: form_management_formaccessrule_institute_id_48b3b889; Type: INDEX; Schema: public; Owner: postgres
--

CREATE INDEX form_management_formaccessrule_institute_id_48b3b889 ON public.form_management_formaccessrule USING btree (institute_id);


--
-- Name: form_management_formaccessrule_university_id_bd22bac9; Type: INDEX; Schema: public; Owner: postgres
--

CREATE INDEX form_management_formaccessrule_university_id_bd22bac9 ON public.form_management_formaccessrule USING btree (university_id);


--
-- Name: form_management_formanswer_institute_id_f13e42c1; Type: INDEX; Schema: public; Owner: postgres
--

CREATE INDEX form_management_formanswer_institute_id_f13e42c1 ON public.form_management_formanswer USING btree (institute_id);


--
-- Name: form_management_formanswer_question_id_baabee3a; Type: INDEX; Schema: public; Owner: postgres
--

CREATE INDEX form_management_formanswer_question_id_baabee3a ON public.form_management_formanswer USING btree (question_id);


--
-- Name: form_management_formanswer_response_id_d367879d; Type: INDEX; Schema: public; Owner: postgres
--

CREATE INDEX form_management_formanswer_response_id_d367879d ON public.form_management_formanswer USING btree (response_id);


--
-- Name: form_management_formanswer_university_id_11906c9a; Type: INDEX; Schema: public; Owner: postgres
--

CREATE INDEX form_management_formanswer_university_id_11906c9a ON public.form_management_formanswer USING btree (university_id);


--
-- Name: form_management_formattemptlog_institute_id_8ebd83d1; Type: INDEX; Schema: public; Owner: postgres
--

CREATE INDEX form_management_formattemptlog_institute_id_8ebd83d1 ON public.form_management_formattemptlog USING btree (institute_id);


--
-- Name: form_management_formattemptlog_response_id_34993af9; Type: INDEX; Schema: public; Owner: postgres
--

CREATE INDEX form_management_formattemptlog_response_id_34993af9 ON public.form_management_formattemptlog USING btree (response_id);


--
-- Name: form_management_formattemptlog_university_id_33a187f0; Type: INDEX; Schema: public; Owner: postgres
--

CREATE INDEX form_management_formattemptlog_university_id_33a187f0 ON public.form_management_formattemptlog USING btree (university_id);


--
-- Name: form_management_formquestion_form_id_6b8da6f9; Type: INDEX; Schema: public; Owner: postgres
--

CREATE INDEX form_management_formquestion_form_id_6b8da6f9 ON public.form_management_formquestion USING btree (form_id);


--
-- Name: form_management_formquestion_institute_id_85843320; Type: INDEX; Schema: public; Owner: postgres
--

CREATE INDEX form_management_formquestion_institute_id_85843320 ON public.form_management_formquestion USING btree (institute_id);


--
-- Name: form_management_formquestion_question_id_017fdbf4; Type: INDEX; Schema: public; Owner: postgres
--

CREATE INDEX form_management_formquestion_question_id_017fdbf4 ON public.form_management_formquestion USING btree (question_id);


--
-- Name: form_management_formquestion_section_id_c5bbb909; Type: INDEX; Schema: public; Owner: postgres
--

CREATE INDEX form_management_formquestion_section_id_c5bbb909 ON public.form_management_formquestion USING btree (section_id);


--
-- Name: form_management_formquestion_university_id_1d945ed8; Type: INDEX; Schema: public; Owner: postgres
--

CREATE INDEX form_management_formquestion_university_id_1d945ed8 ON public.form_management_formquestion USING btree (university_id);


--
-- Name: form_management_formresponse_form_id_cb02d4f3; Type: INDEX; Schema: public; Owner: postgres
--

CREATE INDEX form_management_formresponse_form_id_cb02d4f3 ON public.form_management_formresponse USING btree (form_id);


--
-- Name: form_management_formresponse_institute_id_9b74953a; Type: INDEX; Schema: public; Owner: postgres
--

CREATE INDEX form_management_formresponse_institute_id_9b74953a ON public.form_management_formresponse USING btree (institute_id);


--
-- Name: form_management_formresponse_university_id_023cc10b; Type: INDEX; Schema: public; Owner: postgres
--

CREATE INDEX form_management_formresponse_university_id_023cc10b ON public.form_management_formresponse USING btree (university_id);


--
-- Name: form_management_formresponse_user_id_42e5829e; Type: INDEX; Schema: public; Owner: postgres
--

CREATE INDEX form_management_formresponse_user_id_42e5829e ON public.form_management_formresponse USING btree (user_id);


--
-- Name: form_management_formsection_form_id_92d4ca4d; Type: INDEX; Schema: public; Owner: postgres
--

CREATE INDEX form_management_formsection_form_id_92d4ca4d ON public.form_management_formsection USING btree (form_id);


--
-- Name: form_management_formsection_institute_id_ceb58fb4; Type: INDEX; Schema: public; Owner: postgres
--

CREATE INDEX form_management_formsection_institute_id_ceb58fb4 ON public.form_management_formsection USING btree (institute_id);


--
-- Name: form_management_formsection_university_id_be5dabcf; Type: INDEX; Schema: public; Owner: postgres
--

CREATE INDEX form_management_formsection_university_id_be5dabcf ON public.form_management_formsection USING btree (university_id);


--
-- Name: form_management_questionanalytics_form_id_3fa4b0f3; Type: INDEX; Schema: public; Owner: postgres
--

CREATE INDEX form_management_questionanalytics_form_id_3fa4b0f3 ON public.form_management_questionanalytics USING btree (form_id);


--
-- Name: form_management_questionanalytics_institute_id_829f54ce; Type: INDEX; Schema: public; Owner: postgres
--

CREATE INDEX form_management_questionanalytics_institute_id_829f54ce ON public.form_management_questionanalytics USING btree (institute_id);


--
-- Name: form_management_questionanalytics_question_id_0d07ac49; Type: INDEX; Schema: public; Owner: postgres
--

CREATE INDEX form_management_questionanalytics_question_id_0d07ac49 ON public.form_management_questionanalytics USING btree (question_id);


--
-- Name: form_management_questionanalytics_university_id_fdb72103; Type: INDEX; Schema: public; Owner: postgres
--

CREATE INDEX form_management_questionanalytics_university_id_fdb72103 ON public.form_management_questionanalytics USING btree (university_id);


--
-- Name: form_management_questionlogic_form_id_150eba60; Type: INDEX; Schema: public; Owner: postgres
--

CREATE INDEX form_management_questionlogic_form_id_150eba60 ON public.form_management_questionlogic USING btree (form_id);


--
-- Name: form_management_questionlogic_institute_id_833dc0f6; Type: INDEX; Schema: public; Owner: postgres
--

CREATE INDEX form_management_questionlogic_institute_id_833dc0f6 ON public.form_management_questionlogic USING btree (institute_id);


--
-- Name: form_management_questionlogic_university_id_db6145a0; Type: INDEX; Schema: public; Owner: postgres
--

CREATE INDEX form_management_questionlogic_university_id_db6145a0 ON public.form_management_questionlogic USING btree (university_id);


--
-- Name: form_management_questionpool_form_id_9140405e; Type: INDEX; Schema: public; Owner: postgres
--

CREATE INDEX form_management_questionpool_form_id_9140405e ON public.form_management_questionpool USING btree (form_id);


--
-- Name: form_management_questionpool_institute_id_83ecaf0c; Type: INDEX; Schema: public; Owner: postgres
--

CREATE INDEX form_management_questionpool_institute_id_83ecaf0c ON public.form_management_questionpool USING btree (institute_id);


--
-- Name: form_management_questionpool_university_id_617dbe14; Type: INDEX; Schema: public; Owner: postgres
--

CREATE INDEX form_management_questionpool_university_id_617dbe14 ON public.form_management_questionpool USING btree (university_id);


--
-- Name: form_management_responsefileupload_institute_id_43d6d390; Type: INDEX; Schema: public; Owner: postgres
--

CREATE INDEX form_management_responsefileupload_institute_id_43d6d390 ON public.form_management_responsefileupload USING btree (institute_id);


--
-- Name: form_management_responsefileupload_question_id_e4be4968; Type: INDEX; Schema: public; Owner: postgres
--

CREATE INDEX form_management_responsefileupload_question_id_e4be4968 ON public.form_management_responsefileupload USING btree (question_id);


--
-- Name: form_management_responsefileupload_response_id_1bc1221d; Type: INDEX; Schema: public; Owner: postgres
--

CREATE INDEX form_management_responsefileupload_response_id_1bc1221d ON public.form_management_responsefileupload USING btree (response_id);


--
-- Name: form_management_responsefileupload_university_id_f44d3d57; Type: INDEX; Schema: public; Owner: postgres
--

CREATE INDEX form_management_responsefileupload_university_id_f44d3d57 ON public.form_management_responsefileupload USING btree (university_id);


--
-- Name: auth_group_permissions auth_group_permissio_permission_id_84c5c92e_fk_auth_perm; Type: FK CONSTRAINT; Schema: public; Owner: postgres
--

ALTER TABLE ONLY public.auth_group_permissions
    ADD CONSTRAINT auth_group_permissio_permission_id_84c5c92e_fk_auth_perm FOREIGN KEY (permission_id) REFERENCES public.auth_permission(id) DEFERRABLE INITIALLY DEFERRED;


--
-- Name: auth_group_permissions auth_group_permissions_group_id_b120cbf9_fk_auth_group_id; Type: FK CONSTRAINT; Schema: public; Owner: postgres
--

ALTER TABLE ONLY public.auth_group_permissions
    ADD CONSTRAINT auth_group_permissions_group_id_b120cbf9_fk_auth_group_id FOREIGN KEY (group_id) REFERENCES public.auth_group(id) DEFERRABLE INITIALLY DEFERRED;


--
-- Name: auth_permission auth_permission_content_type_id_2f476e4b_fk_django_co; Type: FK CONSTRAINT; Schema: public; Owner: postgres
--

ALTER TABLE ONLY public.auth_permission
    ADD CONSTRAINT auth_permission_content_type_id_2f476e4b_fk_django_co FOREIGN KEY (content_type_id) REFERENCES public.django_content_type(id) DEFERRABLE INITIALLY DEFERRED;


--
-- Name: auth_user_groups auth_user_groups_group_id_97559544_fk_auth_group_id; Type: FK CONSTRAINT; Schema: public; Owner: postgres
--

ALTER TABLE ONLY public.auth_user_groups
    ADD CONSTRAINT auth_user_groups_group_id_97559544_fk_auth_group_id FOREIGN KEY (group_id) REFERENCES public.auth_group(id) DEFERRABLE INITIALLY DEFERRED;


--
-- Name: auth_user_groups auth_user_groups_user_id_6a12ed8b_fk_auth_user_id; Type: FK CONSTRAINT; Schema: public; Owner: postgres
--

ALTER TABLE ONLY public.auth_user_groups
    ADD CONSTRAINT auth_user_groups_user_id_6a12ed8b_fk_auth_user_id FOREIGN KEY (user_id) REFERENCES public.auth_user(id) DEFERRABLE INITIALLY DEFERRED;


--
-- Name: auth_user_user_permissions auth_user_user_permi_permission_id_1fbb5f2c_fk_auth_perm; Type: FK CONSTRAINT; Schema: public; Owner: postgres
--

ALTER TABLE ONLY public.auth_user_user_permissions
    ADD CONSTRAINT auth_user_user_permi_permission_id_1fbb5f2c_fk_auth_perm FOREIGN KEY (permission_id) REFERENCES public.auth_permission(id) DEFERRABLE INITIALLY DEFERRED;


--
-- Name: auth_user_user_permissions auth_user_user_permissions_user_id_a95ead1b_fk_auth_user_id; Type: FK CONSTRAINT; Schema: public; Owner: postgres
--

ALTER TABLE ONLY public.auth_user_user_permissions
    ADD CONSTRAINT auth_user_user_permissions_user_id_a95ead1b_fk_auth_user_id FOREIGN KEY (user_id) REFERENCES public.auth_user(id) DEFERRABLE INITIALLY DEFERRED;


--
-- Name: django_admin_log django_admin_log_content_type_id_c4bce8eb_fk_django_co; Type: FK CONSTRAINT; Schema: public; Owner: postgres
--

ALTER TABLE ONLY public.django_admin_log
    ADD CONSTRAINT django_admin_log_content_type_id_c4bce8eb_fk_django_co FOREIGN KEY (content_type_id) REFERENCES public.django_content_type(id) DEFERRABLE INITIALLY DEFERRED;


--
-- Name: django_admin_log django_admin_log_user_id_c564eba6_fk_auth_user_id; Type: FK CONSTRAINT; Schema: public; Owner: postgres
--

ALTER TABLE ONLY public.django_admin_log
    ADD CONSTRAINT django_admin_log_user_id_c564eba6_fk_auth_user_id FOREIGN KEY (user_id) REFERENCES public.auth_user(id) DEFERRABLE INITIALLY DEFERRED;


--
-- Name: form_management_formquestion form_management_form_form_id_6b8da6f9_fk_form_mana; Type: FK CONSTRAINT; Schema: public; Owner: postgres
--

ALTER TABLE ONLY public.form_management_formquestion
    ADD CONSTRAINT form_management_form_form_id_6b8da6f9_fk_form_mana FOREIGN KEY (form_id) REFERENCES public.form_management_form(id) DEFERRABLE INITIALLY DEFERRED;


--
-- Name: form_management_formsection form_management_form_form_id_92d4ca4d_fk_form_mana; Type: FK CONSTRAINT; Schema: public; Owner: postgres
--

ALTER TABLE ONLY public.form_management_formsection
    ADD CONSTRAINT form_management_form_form_id_92d4ca4d_fk_form_mana FOREIGN KEY (form_id) REFERENCES public.form_management_form(id) DEFERRABLE INITIALLY DEFERRED;


--
-- Name: form_management_formaccessrule form_management_form_form_id_973c9753_fk_form_mana; Type: FK CONSTRAINT; Schema: public; Owner: postgres
--

ALTER TABLE ONLY public.form_management_formaccessrule
    ADD CONSTRAINT form_management_form_form_id_973c9753_fk_form_mana FOREIGN KEY (form_id) REFERENCES public.form_management_form(id) DEFERRABLE INITIALLY DEFERRED;


--
-- Name: form_management_formresponse form_management_form_form_id_cb02d4f3_fk_form_mana; Type: FK CONSTRAINT; Schema: public; Owner: postgres
--

ALTER TABLE ONLY public.form_management_formresponse
    ADD CONSTRAINT form_management_form_form_id_cb02d4f3_fk_form_mana FOREIGN KEY (form_id) REFERENCES public.form_management_form(id) DEFERRABLE INITIALLY DEFERRED;


--
-- Name: form_management_formattemptlog form_management_form_response_id_34993af9_fk_form_mana; Type: FK CONSTRAINT; Schema: public; Owner: postgres
--

ALTER TABLE ONLY public.form_management_formattemptlog
    ADD CONSTRAINT form_management_form_response_id_34993af9_fk_form_mana FOREIGN KEY (response_id) REFERENCES public.form_management_formresponse(id) DEFERRABLE INITIALLY DEFERRED;


--
-- Name: form_management_formanswer form_management_form_response_id_d367879d_fk_form_mana; Type: FK CONSTRAINT; Schema: public; Owner: postgres
--

ALTER TABLE ONLY public.form_management_formanswer
    ADD CONSTRAINT form_management_form_response_id_d367879d_fk_form_mana FOREIGN KEY (response_id) REFERENCES public.form_management_formresponse(id) DEFERRABLE INITIALLY DEFERRED;


--
-- Name: form_management_formquestion form_management_form_section_id_c5bbb909_fk_form_mana; Type: FK CONSTRAINT; Schema: public; Owner: postgres
--

ALTER TABLE ONLY public.form_management_formquestion
    ADD CONSTRAINT form_management_form_section_id_c5bbb909_fk_form_mana FOREIGN KEY (section_id) REFERENCES public.form_management_formsection(id) DEFERRABLE INITIALLY DEFERRED;


--
-- Name: form_management_questionlogic form_management_ques_form_id_150eba60_fk_form_mana; Type: FK CONSTRAINT; Schema: public; Owner: postgres
--

ALTER TABLE ONLY public.form_management_questionlogic
    ADD CONSTRAINT form_management_ques_form_id_150eba60_fk_form_mana FOREIGN KEY (form_id) REFERENCES public.form_management_form(id) DEFERRABLE INITIALLY DEFERRED;


--
-- Name: form_management_questionanalytics form_management_ques_form_id_3fa4b0f3_fk_form_mana; Type: FK CONSTRAINT; Schema: public; Owner: postgres
--

ALTER TABLE ONLY public.form_management_questionanalytics
    ADD CONSTRAINT form_management_ques_form_id_3fa4b0f3_fk_form_mana FOREIGN KEY (form_id) REFERENCES public.form_management_form(id) DEFERRABLE INITIALLY DEFERRED;


--
-- Name: form_management_questionpool form_management_ques_form_id_9140405e_fk_form_mana; Type: FK CONSTRAINT; Schema: public; Owner: postgres
--

ALTER TABLE ONLY public.form_management_questionpool
    ADD CONSTRAINT form_management_ques_form_id_9140405e_fk_form_mana FOREIGN KEY (form_id) REFERENCES public.form_management_form(id) DEFERRABLE INITIALLY DEFERRED;


--
-- Name: form_management_questionsnapshot form_management_ques_form_question_id_3d8d2ff9_fk_form_mana; Type: FK CONSTRAINT; Schema: public; Owner: postgres
--

ALTER TABLE ONLY public.form_management_questionsnapshot
    ADD CONSTRAINT form_management_ques_form_question_id_3d8d2ff9_fk_form_mana FOREIGN KEY (form_question_id) REFERENCES public.form_management_formquestion(id) DEFERRABLE INITIALLY DEFERRED;


--
-- Name: form_management_responsefileupload form_management_resp_response_id_1bc1221d_fk_form_mana; Type: FK CONSTRAINT; Schema: public; Owner: postgres
--

ALTER TABLE ONLY public.form_management_responsefileupload
    ADD CONSTRAINT form_management_resp_response_id_1bc1221d_fk_form_mana FOREIGN KEY (response_id) REFERENCES public.form_management_formresponse(id) DEFERRABLE INITIALLY DEFERRED;


--
-- PostgreSQL database dump complete
--

